<?xml version="1.0" encoding="utf-8"?>
<edmx:Edmx Version="1.0" xmlns:edmx="http://schemas.microsoft.com/ado/2007/06/edmx" xmlns:m="http://schemas.microsoft.com/ado/2007/08/dataservices/metadata" xmlns:sap="http://www.sap.com/Protocols/SAPData">
    <edmx:DataServices m:DataServiceVersion="2.0">
        <Schema Namespace="ZSHREE_PRODUCTS_SRV" xml:lang="en" sap:schema-version="1" xmlns="http://schemas.microsoft.com/ado/2008/09/edm">
            <EntityType Name="products" sap:content-version="1">
                <Key>
                    <PropertyRef Name="Prdid"/>
                </Key>
                <Property Name="Prdid" Type="Edm.String" Nullable="false" MaxLength="6" sap:unicode="false" sap:label="PRDID" sap:creatable="false" sap:updatable="false" sap:sortable="false" sap:filterable="false"/>
                <Property Name="Prdname" Type="Edm.String" Nullable="false" MaxLength="20" sap:unicode="false" sap:label="PRDNAME" sap:creatable="false" sap:updatable="false" sap:sortable="false" sap:filterable="false"/>
                <Property Name="Prddesc" Type="Edm.String" Nullable="false" MaxLength="50" sap:unicode="false" sap:label="PRDDESC" sap:creatable="false" sap:updatable="false" sap:sortable="false" sap:filterable="false"/>
                <Property Name="Prdprice" Type="Edm.Decimal" Nullable="false" Precision="13" Scale="2" sap:unicode="false" sap:label="PRICE" sap:creatable="false" sap:updatable="false" sap:sortable="false" sap:filterable="false"/>
                <Property Name="Currcode" Type="Edm.String" Nullable="false" MaxLength="3" sap:unicode="false" sap:label="CURRCODE" sap:creatable="false" sap:updatable="false" sap:sortable="false" sap:filterable="false"/>
                <Property Name="Status" Type="Edm.String" Nullable="false" MaxLength="20" sap:unicode="false" sap:label="STATUS" sap:creatable="false" sap:updatable="false" sap:sortable="false" sap:filterable="false"/>
                <Property Name="statusCode" Type="Edm.String" Nullable="false" MaxLength="2" sap:unicode="false" sap:label="STATUSCODE" sap:creatable="false" sap:updatable="false" sap:sortable="false" sap:filterable="false"/>
                <NavigationProperty Name="toSuppliers" Relationship="ZSHREE_PRODUCTS_SRV.productToSuppliers" FromRole="FromRole_productToSuppliers" ToRole="ToRole_productToSuppliers"/>
            </EntityType>
            <EntityType Name="suppliers" sap:content-version="1">
                <Key>
                    <PropertyRef Name="Supid"/>
                    <PropertyRef Name="Prdid"/>
                </Key>
                <Property Name="Supid" Type="Edm.String" Nullable="false" MaxLength="6" sap:unicode="false" sap:label="SUPID" sap:creatable="false" sap:updatable="false" sap:sortable="false" sap:filterable="false"/>
                <Property Name="Prdid" Type="Edm.String" Nullable="false" MaxLength="6" sap:unicode="false" sap:label="PRDID" sap:creatable="false" sap:updatable="false" sap:sortable="false" sap:filterable="false"/>
                <Property Name="Supname" Type="Edm.String" Nullable="false" MaxLength="20" sap:unicode="false" sap:label="SUPNAME" sap:creatable="false" sap:updatable="false" sap:sortable="false" sap:filterable="false"/>
                <Property Name="Suploc" Type="Edm.String" Nullable="false" MaxLength="20" sap:unicode="false" sap:label="SUPLOC" sap:creatable="false" sap:updatable="false" sap:sortable="false" sap:filterable="false"/>
            </EntityType>
            <EntityType Name="attachments" m:HasStream="true" sap:is-thing-type="true" sap:content-version="1">
                <Key>
                    <PropertyRef Name="Prdid"/>
                    <PropertyRef Name="Filename"/>
                </Key>
                <Property Name="Prdid" Type="Edm.String" Nullable="false" MaxLength="6" sap:unicode="false" sap:label="PRDID" sap:creatable="false" sap:updatable="false" sap:sortable="false" sap:filterable="false"/>
                <Property Name="Filename" Type="Edm.String" Nullable="false" MaxLength="100" sap:unicode="false" sap:label="FILENAME" sap:creatable="false" sap:updatable="false" sap:sortable="false" sap:filterable="false"/>
                <Property Name="Filetype" Type="Edm.String" Nullable="false" MaxLength="100" sap:unicode="false" sap:label="FILETYPE" sap:creatable="false" sap:updatable="false" sap:sortable="false" sap:filterable="false"/>
                <Property Name="Filecontent" Type="Edm.Binary" Nullable="false" sap:unicode="false" sap:label="Binary String" sap:creatable="false" sap:updatable="false" sap:sortable="false" sap:filterable="false"/>
            </EntityType>
            <Association Name="productToSuppliers" sap:content-version="1">
                <End Type="ZSHREE_PRODUCTS_SRV.products" Multiplicity="1" Role="FromRole_productToSuppliers"/>
                <End Type="ZSHREE_PRODUCTS_SRV.suppliers" Multiplicity="*" Role="ToRole_productToSuppliers"/>
                <ReferentialConstraint>
                    <Principal Role="FromRole_productToSuppliers">
                        <PropertyRef Name="Prdid"/>
                    </Principal>
                    <Dependent Role="ToRole_productToSuppliers">
                        <PropertyRef Name="Prdid"/>
                    </Dependent>
                </ReferentialConstraint>
            </Association>
            <EntityContainer Name="ZSHREE_PRODUCTS_SRV_Entities" m:IsDefaultEntityContainer="true" sap:supported-formats="atom json xlsx">
                <EntitySet Name="productsSet" EntityType="ZSHREE_PRODUCTS_SRV.products" sap:creatable="false" sap:updatable="false" sap:deletable="false" sap:pageable="false" sap:content-version="1"/>
                <EntitySet Name="suppliersSet" EntityType="ZSHREE_PRODUCTS_SRV.suppliers" sap:creatable="false" sap:updatable="false" sap:deletable="false" sap:pageable="false" sap:content-version="1"/>
                <EntitySet Name="attachmentsSet" EntityType="ZSHREE_PRODUCTS_SRV.attachments" sap:creatable="false" sap:updatable="false" sap:deletable="false" sap:pageable="false" sap:content-version="1"/>
                <AssociationSet Name="productToSuppliersSet" Association="ZSHREE_PRODUCTS_SRV.productToSuppliers" sap:creatable="false" sap:updatable="false" sap:deletable="false" sap:content-version="1">
                    <End EntitySet="productsSet" Role="FromRole_productToSuppliers"/>
                    <End EntitySet="suppliersSet" Role="ToRole_productToSuppliers"/>
                </AssociationSet>
            </EntityContainer>
            <atom:link rel="self" href="http://124.123.42.25:9222/sap/opu/odata/sap/ZSHREE_PRODUCTS_SRV/$metadata" xmlns:atom="http://www.w3.org/2005/Atom"/>
            <atom:link rel="latest-version" href="http://124.123.42.25:9222/sap/opu/odata/sap/ZSHREE_PRODUCTS_SRV/$metadata" xmlns:atom="http://www.w3.org/2005/Atom"/>
        </Schema>
    </edmx:DataServices>
</edmx:Edmx>